source	target	value
T01-D	T01-G	0.08
T01-D	T01-H	0.56
T01-D	T01-J	9.62
T01-D	T01-M	0.33
T01-D	T01-N	12.72
T01-D	T03-A	0.01
T01-D	W01-A	6.09
T01-D	S05-G	0.08
T01-D	T01-E	1.66
T01-D	W06-B	0.1
T01-D	T01-C	0.29
T01-D	T01-S	1.96
T01-D	B11-C	0.17
T01-D	D05-H	0.05
T01-D	W02-F	0.06
T01-D	T04-K	0.06
T01-D	T05-L	0.11
T01-D	T01-D	0.1
T01-D	T01-F	0.61
T01-D	T03-K	0.02
T01-D	W01-C	1.14
T01-D	U14-C	0.01
T01-D	V07-F	0.02
T01-D	W02-C	0.08
T01-D	W01-E	0.04
T01-D	T06-A	0.08
T01-D	X12-H	0.04
T01-D	T05-G	0.08
T01-D	W04-W	0.05
T01-D	W05-B	0.04
T01-D	W05-C	0.01
T01-D	W04-X	0.14
T01-D	W04-G	0.01
T01-D	T05-F	0.02
T01-D	S05-D	0.01
T01-D	S05-P	0.01
T01-D	X25-A	0.08
T01-D	S03-E	0.04
T01-D	T03-P	0.01
T01-D	X27-A	0.01
T01-D	D03-K	0.02
T01-D	W06-A	0.02
T01-D	B04-E	0.03
T01-D	B12-K	0.04
T01-D	X15-B	0.04
T01-D	Q42-D	0.01
T01-D	S02-C	0.03
T01-D	S02-J	0.01
T01-D	U14-A	0.02
T01-D	T04-A	0.01
T01-D	X21-A	0.03
T01-D	T05-H	0.05
T01-D	W06-C	0.03
T01-D	W05-D	0.1
T01-D	T01-L	0.11
T01-D	S03-F	0.01
T01-D	U11-C	0.01
T01-D	A11-B	0.01
T01-D	A11-C	0.01
T01-D	A12-E	0.01
T01-D	A12-V	0.01
T01-D	X25-P	0.01
T01-D	T06-D	0.01
T01-D	X27-E	0.01
T01-D	T05-D	0.03
T01-D	U22-G	0.01
T01-D	W02-G	0.01
T01-D	M23-D	0.01
T01-D	X24-D	0.01
T01-D	S02-B	0.02
T01-D	X16-G	0.01
T01-D	X16-H	0.01
T01-D	X21-B	0.01
T01-D	X21-C	0.01
T01-D	T05-K	0.01
T01-D	X22-K	0.02
T01-D	X22-P	0.01
T01-D	X22-W	0.01
T01-D	X22-X	0.03
T01-D	F05-A	0.01
T01-D	W04-V	0.03
T01-D	X16-B	0.03
T01-D	X16-L	0.01
T01-D	S01-D	0.01
T01-D	B04-B	0.01
T01-D	T07-G	0.01
T01-D	W03-A	0.04
T01-D	W04-U	0.01
T01-D	W07-X	0.01
T01-G	T01-D	0.08
T01-G	T01-H	0.05
T01-G	T01-J	0.39
T01-G	T01-M	0.04
T01-G	T01-N	0.59
T01-G	T03-A	0.01
T01-G	T01-F	0.1
T01-G	T01-E	0.07
T01-G	T01-S	0.08
T01-G	W01-C	0.04
T01-G	T01-C	0.03
T01-G	W01-A	0.07
T01-G	W02-K	0.01
T01-G	T01-L	0.03
T01-G	X12-H	0.02
T01-G	W05-B	0.02
T01-G	W05-D	0.02
T01-G	B04-B	0.01
T01-G	B04-E	0.02
T01-G	B11-C	0.05
T01-G	B12-K	0.01
T01-G	D05-H	0.03
T01-H	T01-D	0.56
T01-H	T01-G	0.05
T01-H	T01-H	0.16
T01-H	T01-J	1.7
T01-H	T01-M	0.07
T01-H	T01-N	0.87
T01-H	T03-A	0.02
T01-H	W01-A	0.26
T01-H	T01-F	0.24
T01-H	T01-S	0.26
T01-H	T01-E	0.21
T01-H	U14-C	0.02
T01-H	T05-L	0.04
T01-H	T01-C	0.06
T01-H	T06-A	0.08
T01-H	W01-C	0.05
T01-H	W04-W	0.01
T01-H	W05-B	0.01
T01-H	W05-C	0.01
T01-H	D03-K	0.02
T01-H	S03-E	0.02
T01-H	T05-C	0.01
T01-H	W02-C	0.01
T01-H	X27-E	0.01
T01-H	W02-G	0.01
T01-H	X15-B	0.01
T01-H	X15-G	0.01
T01-H	U14-A	0.01
T01-H	B04-E	0.04
T01-H	B11-C	0.03
T01-H	B12-K	0.02
T01-H	D05-H	0.02
T01-J	T01-D	9.62
T01-J	T01-G	0.39
T01-J	T01-H	1.7
T01-J	T01-M	0.86
T01-J	T01-N	36.11
T01-J	T03-A	0.01
T01-J	W01-A	10.5
T01-J	S05-G	0.42
T01-J	T01-E	5.87
T01-J	T01-J	30.06
T01-J	W06-B	0.41
T01-J	T01-F	2.06
T01-J	W04-E	0.1
T01-J	W04-N	0.06
T01-J	T01-S	6.63
T01-J	W01-C	2.68
T01-J	W02-F	0.14
T01-J	T05-L	0.68
T01-J	T01-C	0.71
T01-J	U14-C	0.01
T01-J	W04-X	0.45
T01-J	T04-K	0.29
T01-J	V07-F	0.04
T01-J	W02-C	0.27
T01-J	W04-H	0.09
T01-J	X25-A	0.68
T01-J	B11-C	0.63
T01-J	B12-K	0.21
T01-J	T04-L	0.01
T01-J	T06-A	0.8
T01-J	X12-H	0.11
T01-J	T05-G	0.42
T01-J	W06-A	0.06
T01-J	T04-E	0.06
T01-J	W04-W	0.21
T01-J	W05-B	0.1
T01-J	W05-C	0.01
T01-J	B04-F	0.03
T01-J	S05-B	0.05
T01-J	W04-G	0.05
T01-J	A09-D	0.04
T01-J	A11-B	0.16
T01-J	A12-E	0.26
T01-J	L03-H	0.02
T01-J	L03-J	0.02
T01-J	T06-D	0.07
T01-J	S05-D	0.14
T01-J	S05-P	0.02
T01-J	T04-D	0.13
T01-J	S03-E	0.09
T01-J	T03-P	0.01
T01-J	T01-L	0.33
T01-J	H01-B	0.02
T01-J	H01-D	0.04
T01-J	Q49-A	0.02
T01-J	D03-K	0.06
T01-J	T07-C	0.01
T01-J	T07-E	0.01
T01-J	B04-E	0.26
T01-J	D05-H	0.22
T01-J	T05-F	0.03
T01-J	T03-K	0.04
T01-J	X15-B	0.18
T01-J	P76-C	0.04
T01-J	T04-J	0.02
T01-J	A11-C	0.12
T01-J	Q35-B	0.01
T01-J	X25-W	0.01
T01-J	T05-C	0.13
T01-J	Q42-D	0.01
T01-J	S02-C	0.03
T01-J	S02-J	0.01
T01-J	U14-A	0.05
T01-J	T04-A	0.01
T01-J	X21-A	0.09
T01-J	T05-D	0.31
T01-J	T05-H	0.16
T01-J	W06-C	0.11
T01-J	X16-G	0.03
T01-J	W01-E	0.06
T01-J	T05-E	0.01
T01-J	W05-D	0.2
T01-J	T06-B	0.02
T01-J	S03-F	0.02
T01-J	X25-P	0.1
T01-J	U11-C	0.02
T01-J	A12-V	0.07
T01-J	A12-D	0.01
T01-J	X27-E	0.03
T01-J	Q31-A	0.03
T01-J	Q34-C	0.03
T01-J	Q34-X	0.03
T01-J	X25-F	0.03
T01-J	X25-N	0.02
T01-J	U22-G	0.02
T01-J	W03-A	0.16
T01-J	P31-A	0.06
T01-J	X27-F	0.02
T01-J	X27-X	0.02
T01-J	W02-G	0.06
T01-J	M23-D	0.01
T01-J	X24-D	0.01
T01-J	S02-B	0.06
T01-J	X16-H	0.02
T01-J	X21-B	0.04
T01-J	X21-C	0.02
T01-J	T05-K	0.02
T01-J	X15-G	0.04
T01-J	X22-K	0.04
T01-J	X22-P	0.03
T01-J	X22-W	0.01
T01-J	X22-X	0.03
T01-J	F05-A	0.03
T01-J	T04-H	0.02
T01-J	T05-B	0.02
T01-J	W04-V	0.15
T01-J	X16-B	0.08
T01-J	X16-L	0.02
T01-J	S06-G	0.05
T01-J	S01-D	0.02
T01-J	B04-B	0.04
T01-J	T07-G	0.02
T01-J	W04-U	0.03
T01-J	A12-P	0.01
T01-J	B12-M	0.02
T01-J	P33-A	0.01
T01-J	P33-B	0.01
T01-J	Q32-D	0.01
T01-J	S05-M	0.01
T01-J	W07-X	0.02
T01-J	X22-E	0.02
T01-M	T01-D	0.33
T01-M	T01-G	0.04
T01-M	T01-H	0.07
T01-M	T01-J	0.86
T01-M	T01-N	1.62
T01-M	T03-A	0.01
T01-M	T01-C	0.12
T01-M	T01-S	0.22
T01-M	W04-X	0.02
T01-M	T01-E	0.22
T01-M	W01-A	0.5
T01-M	B11-C	0.07
T01-M	B12-K	0.02
T01-M	T06-A	0.05
T01-M	T05-L	0.01
T01-M	W01-C	0.49
T01-M	S03-E	0.04
T01-M	T01-M	0.06
T01-M	W02-C	0.03
T01-M	W06-A	0.01
T01-M	W01-E	0.02
T01-M	T01-F	0.05
T01-M	T01-L	0.03
T01-M	W06-B	0.01
T01-M	T05-D	0.02
T01-M	T05-G	0.01
T01-M	T05-C	0.01
T01-M	T04-N	0.02
T01-M	W03-A	0.04
T01-M	W04-M	0.02
T01-M	S02-B	0.01
T01-N	T01-D	12.72
T01-N	T01-G	0.59
T01-N	T01-H	0.87
T01-N	T01-J	36.11
T01-N	T01-M	1.62
T01-N	T01-N	62.06
T01-N	T03-A	0.02
T01-N	S05-G	0.13
T01-N	T01-E	5.68
T01-N	W01-A	16.4
T01-N	W06-B	0.25
T01-N	T01-F	3.92
T01-N	W04-E	0.01
T01-N	W04-N	0.01
T01-N	T01-C	1.44
T01-N	T01-S	8.5
T01-N	W01-C	5.16
T01-N	B11-C	0.51
T01-N	D05-H	0.12
T01-N	T06-A	0.33
T01-N	T04-K	0.35
T01-N	T05-L	0.79
T01-N	T03-K	0.06
T01-N	W04-X	0.6
T01-N	V07-F	0.1
T01-N	W02-C	0.23
T01-N	W04-H	0.07
T01-N	X25-A	0.55
T01-N	B12-K	0.11
T01-N	T04-L	0.04
T01-N	W01-E	0.16
T01-N	X12-H	0.25
T01-N	T05-G	0.33
T01-N	W02-F	0.19
T01-N	T04-E	0.01
T01-N	W04-W	0.3
T01-N	W05-B	0.13
T01-N	W05-C	0.08
T01-N	W04-G	0.04
T01-N	A09-D	0.03
T01-N	A11-B	0.07
T01-N	A12-E	0.12
T01-N	L03-H	0.02
T01-N	L03-J	0.02
T01-N	T06-D	0.03
T01-N	T05-F	0.09
T01-N	S05-D	0.09
T01-N	S05-P	0.04
T01-N	T04-D	0.09
T01-N	S03-E	0.13
T01-N	T03-P	0.05
T01-N	X27-A	0.08
T01-N	T01-L	0.49
T01-N	D03-K	0.02
T01-N	T07-C	0.02
T01-N	T07-E	0.02
T01-N	W06-A	0.02
T01-N	W03-A	0.29
T01-N	B04-E	0.06
T01-N	X15-B	0.14
T01-N	P76-C	0.08
T01-N	T04-J	0.04
T01-N	A11-C	0.04
T01-N	Q42-D	0.03
T01-N	S02-C	0.09
T01-N	S02-J	0.03
T01-N	T05-H	0.32
T01-N	U14-A	0.07
T01-N	X21-A	0.05
T01-N	W06-C	0.01
T01-N	W05-D	0.14
T01-N	X12-J	0.02
T01-N	S03-F	0.03
T01-N	X25-P	0.1
T01-N	U11-C	0.01
T01-N	U24-H	0.02
T01-N	X16-G	0.02
T01-N	A12-V	0.01
T01-N	A12-D	0.02
T01-N	X27-E	0.06
T01-N	T05-D	0.2
T01-N	Q31-A	0.05
T01-N	Q34-C	0.05
T01-N	Q34-X	0.05
T01-N	X25-F	0.05
T01-N	X25-N	0.02
T01-N	U22-G	0.01
T01-N	X27-F	0.02
T01-N	X27-X	0.02
T01-N	W02-G	0.03
T01-N	T05-K	0.02
T01-N	X15-G	0.04
T01-N	X22-K	0.04
T01-N	X22-P	0.02
T01-N	X22-W	0.02
T01-N	X22-X	0.06
T01-N	F05-A	0.01
T01-N	T04-H	0.02
T01-N	T05-B	0.04
T01-N	T05-C	0.05
T01-N	T04-N	0.01
T01-N	W04-M	0.01
T01-N	W04-V	0.21
T01-N	S01-D	0.04
T01-N	B04-B	0.01
T01-N	S02-B	0.04
T01-N	T07-G	0.02
T01-N	W04-U	0.03
T01-N	W07-X	0.04
T03-A	T01-D	0.01
T03-A	T01-G	0.01
T03-A	T01-H	0.02
T03-A	T01-J	0.01
T03-A	T01-M	0.01
T03-A	T01-N	0.02
W01-A	T01-D	6.09
W01-A	T01-J	10.5
W01-A	S05-G	0.13
W01-A	T01-E	1.81
W01-A	T01-N	16.4
W01-A	W01-A	9.36
W01-A	W06-B	0.07
W01-A	T01-H	0.26
W01-A	T01-C	0.6
W01-A	T01-S	2.48
W01-A	T04-K	0.08
W01-A	T05-L	0.1
W01-A	T01-F	0.6
W01-A	A12-E	0.03
W01-A	W01-C	2.27
W01-A	W04-X	0.13
W01-A	T01-M	0.5
W01-A	V07-F	0.1
W01-A	W02-C	0.35
W01-A	W01-E	0.18
W01-A	T06-A	0.17
W01-A	W04-W	0.08
W01-A	W05-B	0.03
W01-A	W05-C	0.03
W01-A	T05-F	0.04
W01-A	T01-G	0.07
W01-A	W02-K	0.02
W01-A	S03-E	0.03
W01-A	T03-P	0.01
W01-A	T01-L	0.12
W01-A	D03-K	0.04
W01-A	W06-A	0.03
W01-A	W02-F	0.03
W01-A	X25-A	0.02
W01-A	Q42-D	0.02
W01-A	S02-C	0.06
W01-A	S02-J	0.02
W01-A	X21-A	0.03
W01-A	T05-G	0.1
W01-A	W06-C	0.02
W01-A	S03-F	0.01
W01-A	T06-D	0.02
W01-A	X27-E	0.01
W01-A	T05-D	0.11
W01-A	B11-C	0.06
W01-A	W02-G	0.05
W01-A	M23-D	0.01
W01-A	X24-D	0.01
W01-A	S02-B	0.04
W01-A	X16-G	0.01
W01-A	X16-H	0.01
W01-A	X21-B	0.01
W01-A	X21-C	0.01
W01-A	X22-K	0.02
W01-A	X22-P	0.01
W01-A	X22-W	0.01
W01-A	X22-X	0.03
W01-A	F05-A	0.01
W01-A	U14-A	0.01
W01-A	T05-C	0.03
W01-A	W05-D	0.07
W01-A	B12-K	0.01
W01-A	T04-N	0.02
W01-A	W03-A	0.02
W01-A	W04-M	0.02
W01-A	W04-V	0.06
W01-A	S01-D	0.01
W01-A	X12-H	0.02
W01-A	T07-G	0.02
W01-A	W04-U	0.02
W01-A	T05-H	0.02
W01-A	W07-X	0.01
S05-G	T01-D	0.08
S05-G	T01-E	0.03
S05-G	T01-J	0.42
S05-G	T01-N	0.13
S05-G	W01-A	0.13
S05-G	W06-B	0.03
S05-G	W01-C	0.02
S05-G	B04-F	0.01
S05-G	B11-C	0.06
S05-G	B12-K	0.02
S05-G	S05-B	0.01
S05-G	T01-S	0.06
S05-G	B04-E	0.01
S05-G	D05-H	0.01
S05-G	S05-G	0.02
S05-G	T01-L	0.01
S05-G	W04-X	0.01
S05-G	P31-A	0.01
S05-G	S05-D	0.03
S05-G	A12-P	0.01
S05-G	A12-V	0.02
S05-G	B12-M	0.02
S05-G	P33-A	0.01
S05-G	P33-B	0.01
S05-G	Q32-D	0.01
S05-G	S05-M	0.01
S05-G	W04-E	0.01
S05-G	W04-G	0.01
T01-E	S05-G	0.03
T01-E	T01-D	1.66
T01-E	T01-J	5.87
T01-E	T01-N	5.68
T01-E	W01-A	1.81
T01-E	W06-B	0.04
T01-E	T01-C	0.25
T01-E	T01-S	1.02
T01-E	T01-G	0.07
T01-E	W01-C	0.41
T01-E	T01-E	0.64
T01-E	T01-H	0.21
T01-E	W04-X	0.17
T01-E	T01-F	0.3
T01-E	U14-A	0.01
T01-E	T01-M	0.22
T01-E	T04-K	0.07
T01-E	V07-F	0.02
T01-E	W02-C	0.08
T01-E	B11-C	0.18
T01-E	B12-K	0.06
T01-E	W06-A	0.02
T01-E	W02-F	0.03
T01-E	W04-H	0.04
T01-E	S05-D	0.01
T01-E	T04-D	0.05
T01-E	P76-C	0.02
T01-E	T04-J	0.01
T01-E	Q42-D	0.01
T01-E	S02-C	0.03
T01-E	S02-J	0.01
T01-E	U11-C	0.02
T01-E	A11-C	0.01
T01-E	A12-D	0.01
T01-E	A12-E	0.02
T01-E	T05-H	0.05
T01-E	T05-L	0.02
T01-E	X27-E	0.01
T01-E	T05-F	0.02
T01-E	Q31-A	0.02
T01-E	Q34-C	0.02
T01-E	Q34-X	0.02
T01-E	X25-F	0.02
T01-E	X25-N	0.01
T01-E	X25-P	0.02
T01-E	T01-L	0.05
T01-E	W01-E	0.02
T01-E	W02-G	0.02
T01-E	T05-K	0.03
T01-E	B04-E	0.06
T01-E	D05-H	0.05
T01-E	W05-D	0.07
T01-E	T05-D	0.01
T01-E	T05-G	0.01
T01-E	T04-N	0.01
T01-E	W03-A	0.01
T01-E	W04-M	0.01
T01-E	W04-V	0.06
T01-E	W04-W	0.03
T01-E	S06-G	0.01
T01-E	S01-D	0.01
T01-E	X12-H	0.02
T01-E	B04-B	0.01
T01-E	S02-B	0.01
T01-E	T07-G	0.01
T01-E	T06-A	0.02
W06-B	S05-G	0.03
W06-B	T01-D	0.1
W06-B	T01-E	0.04
W06-B	T01-J	0.41
W06-B	T01-N	0.25
W06-B	W01-A	0.07
W06-B	T01-S	0.08
W06-B	T05-G	0.1
W06-B	W06-B	0.18
W06-B	W06-C	0.03
W06-B	T06-B	0.02
W06-B	W02-C	0.01
W06-B	B11-C	0.02
W06-B	T01-L	0.01
W06-B	T01-M	0.01
T01-F	T01-N	3.92
T01-F	T01-G	0.1
T01-F	T01-F	1.34
T01-F	T01-H	0.24
T01-F	T01-J	2.06
T01-F	T01-C	0.13
T01-F	T06-A	0.08
T01-F	T01-D	0.61
T01-F	W01-A	0.6
T01-F	T01-E	0.3
T01-F	U14-A	0.01
T01-F	T01-S	0.52
T01-F	W01-C	0.15
T01-F	W04-W	0.02
T01-F	W05-B	0.02
T01-F	W05-C	0.02
T01-F	W04-X	0.02
T01-F	B04-E	0.02
T01-F	B11-C	0.02
T01-F	B12-K	0.02
T01-F	D05-H	0.02
T01-F	T05-C	0.01
T01-F	W05-D	0.06
T01-F	X12-H	0.04
T01-F	X12-J	0.01
T01-F	W02-C	0.01
T01-F	T04-D	0.02
T01-F	T01-M	0.05
T01-F	M23-D	0.01
T01-F	X24-D	0.01
T01-F	T01-L	0.04
T01-F	X16-B	0.01
T01-F	X21-A	0.01
T01-F	X21-B	0.01
W04-E	T01-J	0.1
W04-E	T01-N	0.01
W04-E	W04-N	0.01
W04-E	S05-D	0.02
W04-E	S05-G	0.01
W04-E	W04-G	0.01
W04-N	T01-J	0.06
W04-N	T01-N	0.01
W04-N	W04-E	0.01
T01-C	T01-F	0.13
T01-C	T01-N	1.44
T01-C	T01-D	0.29
T01-C	T01-S	0.23
T01-C	W01-A	0.6
T01-C	T01-E	0.25
T01-C	T01-G	0.03
T01-C	T01-J	0.71
T01-C	T01-M	0.12
T01-C	V07-F	0.02
T01-C	W02-C	0.02
T01-C	T01-H	0.06
T01-C	W02-K	0.01
T01-C	S03-E	0.02
T01-C	W01-C	0.15
T01-C	T04-K	0.02
T01-C	W02-F	0.01
T01-C	W04-W	0.02
T01-C	W01-E	0.02
T01-C	U11-C	0.01
T01-C	U24-H	0.01
T01-C	X16-G	0.01
T01-C	X27-E	0.01
T01-C	T05-F	0.01
T01-C	W04-X	0.07
T01-C	T06-A	0.01
T01-C	X15-B	0.01
T01-C	X25-A	0.02
T01-C	T01-C	0.12
T01-C	T05-C	0.01
T01-C	T05-D	0.01
T01-C	T04-N	0.03
T01-C	W03-A	0.03
T01-C	W04-M	0.03
T01-C	T01-L	0.02
T01-C	W04-V	0.03
T01-C	W05-B	0.02
T01-C	W05-D	0.01
T01-C	W06-C	0.02
T01-C	X16-B	0.03
T01-C	X16-L	0.01
T01-C	T05-H	0.02
T01-S	T01-C	0.23
T01-S	T01-D	1.96
T01-S	T01-N	8.5
T01-S	W01-A	2.48
T01-S	T01-E	1.02
T01-S	T01-G	0.08
T01-S	T01-J	6.63
T01-S	W01-C	0.63
T01-S	W02-F	0.04
T01-S	T04-K	0.03
T01-S	T05-L	0.11
T01-S	T01-M	0.22
T01-S	T01-H	0.26
T01-S	W04-X	0.15
T01-S	T01-F	0.52
T01-S	X25-A	0.06
T01-S	T05-G	0.04
T01-S	W06-B	0.08
T01-S	W06-A	0.03
T01-S	W04-W	0.03
T01-S	W05-B	0.04
T01-S	W05-C	0.01
T01-S	B04-F	0.01
T01-S	B11-C	0.14
T01-S	B12-K	0.04
T01-S	S05-B	0.01
T01-S	S05-G	0.06
T01-S	W04-G	0.01
T01-S	W02-K	0.01
T01-S	X27-A	0.01
T01-S	T07-C	0.01
T01-S	T07-E	0.01
T01-S	S03-E	0.02
T01-S	W02-C	0.07
T01-S	W03-A	0.06
T01-S	B04-E	0.03
T01-S	D05-H	0.04
T01-S	Q42-D	0.01
T01-S	S02-C	0.03
T01-S	S02-J	0.01
T01-S	T06-A	0.05
T01-S	W05-D	0.03
T01-S	T04-D	0.02
T01-S	S03-F	0.01
T01-S	T01-L	0.07
T01-S	A11-B	0.01
T01-S	A11-C	0.01
T01-S	A12-E	0.02
T01-S	A12-V	0.01
T01-S	X25-P	0.03
T01-S	T05-F	0.01
T01-S	Q31-A	0.02
T01-S	Q34-C	0.02
T01-S	Q34-X	0.02
T01-S	X25-F	0.02
T01-S	X25-N	0.01
T01-S	X27-E	0.01
T01-S	X27-F	0.01
T01-S	X27-X	0.01
T01-S	T05-D	0.05
T01-S	T05-C	0.02
T01-S	W06-C	0.02
T01-S	X16-B	0.04
T01-S	X16-L	0.01
T01-S	S01-D	0.01
T01-S	X12-H	0.02
T01-S	B04-B	0.01
T01-S	X21-A	0.01
T01-S	X21-B	0.01
T01-S	T05-H	0.02
T01-S	X22-E	0.01
T01-S	X22-K	0.01
T01-S	X22-P	0.01
W01-C	T01-E	0.41
W01-C	T01-G	0.04
W01-C	T01-J	2.68
W01-C	T01-N	5.16
W01-C	T01-S	0.63
W01-C	W01-C	2.42
W01-C	W01-A	2.27
W01-C	T01-D	1.14
W01-C	W04-X	0.08
W01-C	S05-G	0.02
W01-C	W01-E	0.05
W01-C	T01-F	0.15
W01-C	T01-H	0.05
W01-C	W04-W	0.12
W01-C	W05-B	0.04
W01-C	W05-C	0.04
W01-C	T01-M	0.49
W01-C	T05-L	0.13
W01-C	T06-A	0.01
W01-C	S03-E	0.02
W01-C	T01-C	0.15
W01-C	W02-C	0.03
W01-C	W06-A	0.03
W01-C	T04-K	0.02
W01-C	W02-F	0.02
W01-C	T05-H	0.13
W01-C	S03-F	0.01
W01-C	X27-E	0.02
W01-C	X27-F	0.02
W01-C	X27-X	0.02
W01-C	B11-C	0.06
W01-C	B12-K	0.02
W01-C	T01-L	0.08
W01-C	T04-H	0.02
W01-C	T05-D	0.05
W01-C	T05-G	0.03
W01-C	T05-C	0.01
W01-C	T04-N	0.02
W01-C	W03-A	0.02
W01-C	W04-M	0.02
W01-C	W04-V	0.12
W01-C	S02-B	0.02
W01-C	T04-D	0.02
B11-C	B11-C	0.6
B11-C	D05-H	0.25
B11-C	T01-D	0.17
B11-C	T01-N	0.51
B11-C	T01-J	0.63
B11-C	B12-K	0.25
B11-C	T01-E	0.18
B11-C	T01-M	0.07
B11-C	B04-F	0.03
B11-C	S05-B	0.03
B11-C	S05-G	0.06
B11-C	T01-S	0.14
B11-C	B04-E	0.24
B11-C	T01-F	0.02
B11-C	T01-L	0.05
B11-C	W01-C	0.06
B11-C	W01-A	0.06
B11-C	W06-B	0.02
B11-C	T01-H	0.03
B11-C	B04-B	0.05
B11-C	T01-G	0.05
B11-C	A12-P	0.02
B11-C	A12-V	0.04
B11-C	B12-M	0.04
B11-C	P33-A	0.02
B11-C	P33-B	0.02
B11-C	Q32-D	0.02
B11-C	S05-M	0.02
D05-H	B11-C	0.25
D05-H	T01-D	0.05
D05-H	T01-N	0.12
D05-H	B04-E	0.16
D05-H	B12-K	0.09
D05-H	T01-F	0.02
D05-H	T01-J	0.22
D05-H	T01-S	0.04
D05-H	S05-G	0.01
D05-H	D05-H	0.08
D05-H	T01-E	0.05
D05-H	T01-H	0.02
D05-H	B04-B	0.03
D05-H	T01-G	0.03
W02-F	T01-D	0.06
W02-F	T01-J	0.14
W02-F	T01-S	0.04
W02-F	W02-F	0.08
W02-F	T01-E	0.03
W02-F	T01-N	0.19
W02-F	W04-H	0.02
W02-F	W03-A	0.16
W02-F	T05-F	0.01
W02-F	T01-C	0.01
W02-F	T04-K	0.01
W02-F	W01-A	0.03
W02-F	W01-C	0.02
T06-A	T01-F	0.08
T06-A	T01-N	0.33
T06-A	T01-D	0.08
T06-A	T01-J	0.8
T06-A	T06-A	0.44
T06-A	X12-H	0.06
T06-A	Q74-A	0.01
T06-A	Q74-T	0.01
T06-A	T06-B	0.01
T06-A	T01-H	0.08
T06-A	T01-M	0.05
T06-A	W01-A	0.17
T06-A	A09-D	0.01
T06-A	A11-B	0.02
T06-A	A12-E	0.02
T06-A	L03-H	0.01
T06-A	L03-J	0.01
T06-A	T06-D	0.03
T06-A	X25-A	0.06
T06-A	W01-C	0.01
T06-A	T03-K	0.01
T06-A	X15-B	0.07
T06-A	T01-S	0.05
T06-A	X12-J	0.01
T06-A	X21-A	0.03
T06-A	T01-C	0.01
T06-A	W02-G	0.05
T06-A	X16-B	0.02
T06-A	X21-B	0.02
T06-A	T01-E	0.02
T04-K	T01-D	0.06
T04-K	T01-N	0.35
T04-K	T01-S	0.03
T04-K	W01-A	0.08
T04-K	T01-E	0.07
T04-K	T01-J	0.29
T04-K	P76-C	0.06
T04-K	T04-J	0.03
T04-K	T04-K	0.06
T04-K	T01-C	0.02
T04-K	W01-C	0.02
T04-K	W02-F	0.01
T04-K	U22-G	0.01
T04-K	T05-C	0.01
T04-K	T05-D	0.02
T04-K	S06-G	0.01
T04-K	T04-D	0.01
T05-L	T01-D	0.11
T05-L	T01-J	0.68
T05-L	T01-N	0.79
T05-L	T01-S	0.11
T05-L	W01-A	0.1
T05-L	T05-L	0.52
T05-L	T01-H	0.04
T05-L	T01-M	0.01
T05-L	W01-C	0.13
T05-L	A11-C	0.01
T05-L	A12-D	0.01
T05-L	A12-E	0.01
T05-L	T01-E	0.02
T05-L	T05-H	0.02
T05-L	T05-B	0.01
T05-L	W04-W	0.01
T05-L	W04-X	0.01
V07-F	V07-G	0.01
V07-F	V07-K	0.01
V07-F	W02-B	0.01
V07-F	T01-C	0.02
V07-F	T01-D	0.02
V07-F	T01-E	0.02
V07-F	T01-J	0.04
V07-F	T01-N	0.1
V07-F	V07-F	0.02
V07-F	W01-A	0.1
V07-F	W02-C	0.02
V07-G	V07-F	0.01
V07-G	V07-K	0.01
V07-G	W02-B	0.01
V07-K	V07-F	0.01
V07-K	V07-G	0.01
V07-K	W02-B	0.01
W02-B	V07-F	0.01
W02-B	V07-G	0.01
W02-B	V07-K	0.01
A12-E	W01-A	0.03
A12-E	A09-D	0.03
A12-E	A11-B	0.07
A12-E	A12-E	0.02
A12-E	L03-H	0.02
A12-E	L03-J	0.02
A12-E	T01-J	0.26
A12-E	T01-N	0.12
A12-E	T06-A	0.02
A12-E	T06-D	0.02
A12-E	X25-A	0.15
A12-E	A11-C	0.04
A12-E	W02-C	0.04
A12-E	Q35-B	0.01
A12-E	X25-W	0.01
A12-E	A12-V	0.01
A12-E	T01-D	0.01
A12-E	T01-S	0.02
A12-E	X25-P	0.01
A12-E	W04-X	0.01
A12-E	A12-D	0.01
A12-E	T01-E	0.02
A12-E	T05-H	0.01
A12-E	T05-L	0.01
T03-K	T01-D	0.02
T03-K	T01-N	0.06
T03-K	T01-J	0.04
T03-K	T06-A	0.01
T03-K	X15-B	0.02
T03-K	X25-A	0.01
U14-C	T01-D	0.01
U14-C	T01-H	0.02
U14-C	T01-J	0.01
W04-X	T01-E	0.17
W04-X	T01-J	0.45
W04-X	T01-N	0.6
W04-X	W01-A	0.13
W04-X	W01-C	0.08
W04-X	T01-M	0.02
W04-X	T01-S	0.15
W04-X	T01-D	0.14
W04-X	W04-W	0.03
W04-X	T01-F	0.02
W04-X	W04-X	0.18
W04-X	T05-E	0.02
W04-X	T05-H	0.14
W04-X	A12-E	0.01
W04-X	T01-C	0.07
W04-X	T05-F	0.01
W04-X	S05-G	0.01
W04-X	T05-L	0.01
W04-X	T01-L	0.02
W04-X	W05-B	0.04
W04-X	W05-D	0.02
W04-X	W06-C	0.04
W04-X	X16-B	0.06
W04-X	X16-L	0.02
U14-A	T01-E	0.01
U14-A	T01-F	0.01
U14-A	T01-D	0.02
U14-A	T01-J	0.05
U14-A	T01-N	0.07
U14-A	T01-H	0.01
U14-A	W01-A	0.01
W02-C	T01-C	0.02
W02-C	T01-D	0.08
W02-C	T01-E	0.08
W02-C	T01-J	0.27
W02-C	T01-N	0.23
W02-C	V07-F	0.02
W02-C	W01-A	0.35
W02-C	T01-M	0.03
W02-C	T01-S	0.07
W02-C	W01-C	0.03
W02-C	W06-A	0.01
W02-C	A11-B	0.01
W02-C	A11-C	0.01
W02-C	A12-E	0.04
W02-C	X25-A	0.02
W02-C	T01-F	0.01
W02-C	T01-H	0.01
W02-C	W01-E	0.04
W02-C	W02-C	0.12
W02-C	W06-B	0.01
W02-C	W02-G	0.04
W04-H	T01-J	0.09
W04-H	T01-N	0.07
W04-H	T01-E	0.04
W04-H	W02-F	0.02
W04-H	W04-H	0.02
X25-A	T01-J	0.68
X25-A	T01-N	0.55
X25-A	T01-S	0.06
X25-A	A09-D	0.06
X25-A	A11-B	0.15
X25-A	A12-E	0.15
X25-A	L03-H	0.03
X25-A	L03-J	0.03
X25-A	T06-A	0.06
X25-A	T06-D	0.03
X25-A	X25-A	0.6
X25-A	S05-D	0.02
X25-A	S05-P	0.02
X25-A	T01-D	0.08
X25-A	T03-K	0.01
X25-A	X15-B	0.04
X25-A	A11-C	0.06
X25-A	W02-C	0.02
X25-A	W01-A	0.02
X25-A	X25-P	0.1
X25-A	A12-V	0.04
X25-A	T01-C	0.02
B12-K	B11-C	0.25
B12-K	T01-E	0.06
B12-K	T01-J	0.21
B12-K	T01-M	0.02
B12-K	T01-N	0.11
B12-K	B04-F	0.01
B12-K	S05-B	0.01
B12-K	S05-G	0.02
B12-K	T01-S	0.04
B12-K	B04-E	0.12
B12-K	D05-H	0.09
B12-K	T01-D	0.04
B12-K	T01-F	0.02
B12-K	T01-L	0.01
B12-K	W01-C	0.02
B12-K	B12-K	0.02
B12-K	T01-H	0.02
B12-K	W01-A	0.01
B12-K	B04-B	0.01
B12-K	T01-G	0.01
T04-L	T01-J	0.01
T04-L	T01-N	0.04
W01-E	T01-D	0.04
W01-E	T01-N	0.16
W01-E	W01-A	0.18
W01-E	W01-C	0.05
W01-E	T01-M	0.02
W01-E	T01-C	0.02
W01-E	T01-J	0.06
W01-E	W01-E	0.02
W01-E	W02-C	0.04
W01-E	T01-E	0.02
W01-E	W02-G	0.01
X12-H	T01-D	0.04
X12-H	T01-J	0.11
X12-H	T01-N	0.25
X12-H	T06-A	0.06
X12-H	T01-G	0.02
X12-H	T01-L	0.03
X12-H	X16-G	0.01
X12-H	T01-F	0.04
X12-H	X12-H	0.08
X12-H	X12-J	0.03
X12-H	X21-A	0.01
X12-H	S01-D	0.02
X12-H	T01-E	0.02
X12-H	T01-S	0.02
X12-H	W01-A	0.02
T05-G	T01-D	0.08
T05-G	T01-J	0.42
T05-G	T01-N	0.33
T05-G	T01-S	0.04
T05-G	T05-G	0.1
T05-G	W06-B	0.1
T05-G	W01-A	0.1
T05-G	W06-C	0.02
T05-G	T01-M	0.01
T05-G	T05-D	0.07
T05-G	X22-K	0.04
T05-G	X22-P	0.02
T05-G	X22-W	0.02
T05-G	X22-X	0.06
T05-G	W01-C	0.03
T05-G	T01-E	0.01
T05-G	T05-F	0.01
W06-A	T01-E	0.02
W06-A	T01-J	0.06
W06-A	T01-S	0.03
W06-A	T01-D	0.02
W06-A	T01-M	0.01
W06-A	T01-N	0.02
W06-A	W01-A	0.03
W06-A	W01-C	0.03
W06-A	W02-C	0.01
W06-A	T04-D	0.01
W06-A	W04-W	0.01
Q74-A	Q74-T	0.01
Q74-A	T06-A	0.01
Q74-A	T06-B	0.01
Q74-T	Q74-A	0.01
Q74-T	T06-A	0.01
Q74-T	T06-B	0.01
T06-B	Q74-A	0.01
T06-B	Q74-T	0.01
T06-B	T06-A	0.01
T06-B	T01-J	0.02
T06-B	W06-B	0.02
T06-B	W06-C	0.01
T04-E	T01-J	0.06
T04-E	T01-N	0.01
W04-W	T01-D	0.05
W04-W	T01-F	0.02
W04-W	T01-H	0.01
W04-W	T01-J	0.21
W04-W	T01-N	0.3
W04-W	T01-S	0.03
W04-W	W01-A	0.08
W04-W	W01-C	0.12
W04-W	W05-B	0.01
W04-W	W05-C	0.01
W04-W	W04-X	0.03
W04-W	T01-C	0.02
W04-W	T05-L	0.01
W04-W	T01-E	0.03
W04-W	T01-L	0.01
W04-W	W04-V	0.03
W04-W	T04-D	0.01
W04-W	W06-A	0.01
W05-B	T01-D	0.04
W05-B	T01-F	0.02
W05-B	T01-H	0.01
W05-B	T01-J	0.1
W05-B	T01-N	0.13
W05-B	T01-S	0.04
W05-B	W01-A	0.03
W05-B	W01-C	0.04
W05-B	W04-W	0.01
W05-B	W05-C	0.01
W05-B	T01-G	0.02
W05-B	W05-B	0.04
W05-B	W05-D	0.06
W05-B	T01-C	0.02
W05-B	T01-L	0.02
W05-B	W04-X	0.04
W05-B	W06-C	0.04
W05-B	X16-B	0.06
W05-B	X16-L	0.02
W05-C	T01-D	0.01
W05-C	T01-F	0.02
W05-C	T01-H	0.01
W05-C	T01-J	0.01
W05-C	T01-N	0.08
W05-C	T01-S	0.01
W05-C	W01-A	0.03
W05-C	W01-C	0.04
W05-C	W04-W	0.01
W05-C	W05-B	0.01
B04-F	B11-C	0.03
B04-F	B12-K	0.01
B04-F	S05-B	0.01
B04-F	S05-G	0.01
B04-F	T01-J	0.03
B04-F	T01-S	0.01
S05-B	B04-F	0.01
S05-B	B11-C	0.03
S05-B	B12-K	0.01
S05-B	S05-G	0.01
S05-B	T01-J	0.05
S05-B	T01-S	0.01
S05-B	P31-A	0.02
W04-G	T01-D	0.01
W04-G	T01-J	0.05
W04-G	T01-N	0.04
W04-G	T01-S	0.01
W04-G	S05-D	0.02
W04-G	S05-G	0.01
W04-G	W04-E	0.01
A09-D	A11-B	0.03
A09-D	A12-E	0.03
A09-D	L03-H	0.01
A09-D	L03-J	0.01
A09-D	T01-J	0.04
A09-D	T01-N	0.03
A09-D	T06-A	0.01
A09-D	T06-D	0.01
A09-D	X25-A	0.06
A11-B	A09-D	0.03
A11-B	A11-B	0.02
A11-B	A12-E	0.07
A11-B	L03-H	0.02
A11-B	L03-J	0.02
A11-B	T01-J	0.16
A11-B	T01-N	0.07
A11-B	T06-A	0.02
A11-B	T06-D	0.02
A11-B	X25-A	0.15
A11-B	A11-C	0.02
A11-B	W02-C	0.01
A11-B	A12-V	0.01
A11-B	T01-D	0.01
A11-B	T01-S	0.01
A11-B	X25-P	0.01
L03-H	A09-D	0.01
L03-H	A11-B	0.02
L03-H	A12-E	0.02
L03-H	L03-J	0.01
L03-H	T01-J	0.02
L03-H	T01-N	0.02
L03-H	T06-A	0.01
L03-H	T06-D	0.01
L03-H	X25-A	0.03
L03-J	A09-D	0.01
L03-J	A11-B	0.02
L03-J	A12-E	0.02
L03-J	L03-H	0.01
L03-J	T01-J	0.02
L03-J	T01-N	0.02
L03-J	T06-A	0.01
L03-J	T06-D	0.01
L03-J	X25-A	0.03
T06-D	A09-D	0.01
T06-D	A11-B	0.02
T06-D	A12-E	0.02
T06-D	L03-H	0.01
T06-D	L03-J	0.01
T06-D	T01-J	0.07
T06-D	T01-N	0.03
T06-D	T06-A	0.03
T06-D	X25-A	0.03
T06-D	T01-D	0.01
T06-D	W01-A	0.02
T05-F	T01-D	0.02
T05-F	T01-N	0.09
T05-F	W01-A	0.04
T05-F	T01-J	0.03
T05-F	W02-F	0.01
T05-F	T01-C	0.01
T05-F	T01-E	0.02
T05-F	T01-S	0.01
T05-F	W04-X	0.01
T05-F	T05-G	0.01
W02-K	T01-C	0.01
W02-K	T01-G	0.01
W02-K	T01-S	0.01
W02-K	W01-A	0.02
S05-D	S05-P	0.01
S05-D	T01-D	0.01
S05-D	T01-J	0.14
S05-D	T01-N	0.09
S05-D	X25-A	0.02
S05-D	T01-E	0.01
S05-D	T04-D	0.01
S05-D	P31-A	0.02
S05-D	S05-G	0.03
S05-D	S05-D	0.02
S05-D	W04-E	0.02
S05-D	W04-G	0.02
S05-P	S05-D	0.01
S05-P	T01-D	0.01
S05-P	T01-J	0.02
S05-P	T01-N	0.04
S05-P	X25-A	0.02
T04-D	S05-D	0.01
T04-D	T01-E	0.05
T04-D	T01-J	0.13
T04-D	T01-N	0.09
T04-D	T01-F	0.02
T04-D	T01-S	0.02
T04-D	T04-D	0.02
T04-D	S06-G	0.01
T04-D	T04-K	0.01
T04-D	W01-C	0.02
T04-D	W04-W	0.01
T04-D	W06-A	0.01
S03-E	T01-D	0.04
S03-E	T01-J	0.09
S03-E	T01-N	0.13
S03-E	T03-P	0.01
S03-E	W01-A	0.03
S03-E	D03-K	0.02
S03-E	T01-H	0.02
S03-E	S03-E	0.02
S03-E	T01-C	0.02
S03-E	T01-M	0.04
S03-E	T01-S	0.02
S03-E	W01-C	0.02
S03-E	P31-A	0.01
T03-P	S03-E	0.01
T03-P	T01-D	0.01
T03-P	T01-J	0.01
T03-P	T01-N	0.05
T03-P	W01-A	0.01
Q49-A	Q49-B	0.01
Q49-A	Q64-B	0.01
Q49-A	H01-B	0.01
Q49-A	H01-D	0.02
Q49-A	T01-J	0.02
Q49-B	Q49-A	0.01
Q49-B	Q64-B	0.01
Q64-B	Q49-A	0.01
Q64-B	Q49-B	0.01
X27-A	T01-D	0.01
X27-A	T01-N	0.08
X27-A	T01-S	0.01
T01-L	T01-J	0.33
T01-L	T01-N	0.49
T01-L	W01-A	0.12
T01-L	T01-G	0.03
T01-L	T01-L	0.02
T01-L	X12-H	0.03
T01-L	T01-D	0.11
T01-L	T01-S	0.07
T01-L	B11-C	0.05
T01-L	B12-K	0.01
T01-L	T01-E	0.05
T01-L	T01-M	0.03
T01-L	W01-C	0.08
T01-L	W06-B	0.01
T01-L	S05-G	0.01
T01-L	T01-F	0.04
T01-L	T01-C	0.02
T01-L	W04-V	0.03
T01-L	W04-W	0.01
T01-L	W04-X	0.02
T01-L	W05-B	0.02
T01-L	W05-D	0.01
T01-L	W06-C	0.02
T01-L	X16-B	0.03
T01-L	X16-L	0.01
H01-B	H01-D	0.02
H01-B	Q49-A	0.01
H01-B	T01-J	0.02
H01-D	H01-B	0.02
H01-D	H01-D	0.02
H01-D	Q49-A	0.02
H01-D	T01-J	0.04
D03-K	D03-K	0.02
D03-K	S03-E	0.02
D03-K	T01-D	0.02
D03-K	T01-H	0.02
D03-K	T01-J	0.06
D03-K	T01-N	0.02
D03-K	W01-A	0.04
T07-C	T01-J	0.01
T07-C	T01-N	0.02
T07-C	T01-S	0.01
T07-C	T07-E	0.01
T07-E	T01-J	0.01
T07-E	T01-N	0.02
T07-E	T01-S	0.01
T07-E	T07-C	0.01
W03-A	T01-N	0.29
W03-A	T01-S	0.06
W03-A	W02-F	0.16
W03-A	W03-A	0.28
W03-A	T01-J	0.16
W03-A	T01-C	0.03
W03-A	T01-E	0.01
W03-A	T01-M	0.04
W03-A	T04-N	0.01
W03-A	W01-A	0.02
W03-A	W01-C	0.02
W03-A	W04-M	0.01
W03-A	T01-D	0.04
B04-E	B11-C	0.24
B04-E	B12-K	0.12
B04-E	D05-H	0.16
B04-E	T01-D	0.03
B04-E	T01-F	0.02
B04-E	T01-J	0.26
B04-E	T01-N	0.06
B04-E	T01-S	0.03
B04-E	S05-G	0.01
B04-E	B04-E	0.14
B04-E	T01-E	0.06
B04-E	T01-H	0.04
B04-E	B04-B	0.02
B04-E	T01-G	0.02
X15-B	T01-D	0.04
X15-B	T01-J	0.18
X15-B	T01-N	0.14
X15-B	T03-K	0.02
X15-B	T06-A	0.07
X15-B	X15-B	0.06
X15-B	X25-A	0.04
X15-B	T01-C	0.01
X15-B	X15-G	0.02
X15-B	T01-H	0.01
P76-C	P76-C	0.02
P76-C	T01-E	0.02
P76-C	T01-J	0.04
P76-C	T01-N	0.08
P76-C	T04-J	0.02
P76-C	T04-K	0.06
T04-J	P76-C	0.02
T04-J	T01-E	0.01
T04-J	T01-J	0.02
T04-J	T01-N	0.04
T04-J	T04-K	0.03
A11-C	A11-B	0.02
A11-C	A12-E	0.04
A11-C	T01-J	0.12
A11-C	T01-N	0.04
A11-C	W02-C	0.01
A11-C	X25-A	0.06
A11-C	Q35-B	0.01
A11-C	X25-W	0.01
A11-C	A12-V	0.01
A11-C	T01-D	0.01
A11-C	T01-S	0.01
A11-C	X25-P	0.01
A11-C	A12-D	0.01
A11-C	T01-E	0.01
A11-C	T05-H	0.01
A11-C	T05-L	0.01
Q35-B	A11-C	0.01
Q35-B	A12-E	0.01
Q35-B	T01-J	0.01
Q35-B	X25-W	0.01
X25-W	A11-C	0.01
X25-W	A12-E	0.01
X25-W	Q35-B	0.01
X25-W	T01-J	0.01
T05-C	T01-F	0.01
T05-C	T01-H	0.01
T05-C	T01-J	0.13
T05-C	T05-D	0.07
T05-C	T01-C	0.01
T05-C	T01-M	0.01
T05-C	T01-N	0.05
T05-C	W01-A	0.03
T05-C	T01-S	0.02
T05-C	T04-K	0.01
T05-C	W01-C	0.01
Q42-D	S02-C	0.03
Q42-D	S02-J	0.01
Q42-D	T01-D	0.01
Q42-D	T01-E	0.01
Q42-D	T01-J	0.01
Q42-D	T01-N	0.03
Q42-D	T01-S	0.01
Q42-D	W01-A	0.02
S02-C	Q42-D	0.03
S02-C	S02-C	0.06
S02-C	S02-J	0.03
S02-C	T01-D	0.03
S02-C	T01-E	0.03
S02-C	T01-J	0.03
S02-C	T01-N	0.09
S02-C	T01-S	0.03
S02-C	W01-A	0.06
S02-J	Q42-D	0.01
S02-J	S02-C	0.03
S02-J	T01-D	0.01
S02-J	T01-E	0.01
S02-J	T01-J	0.01
S02-J	T01-N	0.03
S02-J	T01-S	0.01
S02-J	W01-A	0.02
T05-H	T01-N	0.32
T05-H	T05-H	0.14
T05-H	W01-C	0.13
T05-H	T01-D	0.05
T05-H	T01-J	0.16
T05-H	T05-E	0.02
T05-H	W04-X	0.14
T05-H	A11-C	0.01
T05-H	A12-D	0.01
T05-H	A12-E	0.01
T05-H	T01-E	0.05
T05-H	T05-L	0.02
T05-H	T05-B	0.01
T05-H	T01-C	0.02
T05-H	T01-S	0.02
T05-H	W01-A	0.02
T04-A	T01-D	0.01
T04-A	T01-J	0.01
X21-A	T01-D	0.03
X21-A	T01-J	0.09
X21-A	T01-N	0.05
X21-A	W01-A	0.03
X21-A	T06-A	0.03
X21-A	X12-H	0.01
X21-A	S02-B	0.02
X21-A	X16-G	0.02
X21-A	X16-H	0.02
X21-A	X21-A	0.02
X21-A	X21-B	0.03
X21-A	X21-C	0.02
X21-A	T01-F	0.01
X21-A	T01-S	0.01
X21-A	X16-B	0.01
T05-D	T01-J	0.31
T05-D	T05-C	0.07
T05-D	T05-D	0.08
T05-D	T01-D	0.03
T05-D	T01-N	0.2
T05-D	W01-A	0.11
T05-D	T01-M	0.02
T05-D	T01-S	0.05
T05-D	T05-G	0.07
T05-D	T01-C	0.01
T05-D	W01-C	0.05
T05-D	T01-E	0.01
T05-D	T04-K	0.02
W06-C	T01-D	0.03
W06-C	T01-J	0.11
W06-C	T01-N	0.01
W06-C	T05-G	0.02
W06-C	W01-A	0.02
W06-C	W06-B	0.03
W06-C	T06-B	0.01
W06-C	T01-C	0.02
W06-C	T01-L	0.02
W06-C	T01-S	0.02
W06-C	W04-X	0.04
W06-C	W05-B	0.04
W06-C	W05-D	0.02
W06-C	W06-C	0.02
W06-C	X16-B	0.06
W06-C	X16-L	0.02
W05-D	T01-D	0.1
W05-D	T01-F	0.06
W05-D	T01-N	0.14
W05-D	T01-S	0.03
W05-D	W05-D	0.46
W05-D	T01-G	0.02
W05-D	T01-J	0.2
W05-D	W05-B	0.06
W05-D	T01-E	0.07
W05-D	W01-A	0.07
W05-D	T01-C	0.01
W05-D	T01-L	0.01
W05-D	W04-X	0.02
W05-D	W06-C	0.02
W05-D	X16-B	0.03
W05-D	X16-L	0.01
X16-G	T01-J	0.03
X16-G	X12-H	0.01
X16-G	T01-C	0.01
X16-G	T01-N	0.02
X16-G	U24-H	0.01
X16-G	S02-B	0.01
X16-G	T01-D	0.01
X16-G	W01-A	0.01
X16-G	X16-H	0.01
X16-G	X21-A	0.02
X16-G	X21-B	0.01
X16-G	X21-C	0.01
X12-J	T01-F	0.01
X12-J	T01-N	0.02
X12-J	T06-A	0.01
X12-J	X12-H	0.03
T05-E	T01-J	0.01
T05-E	T05-H	0.02
T05-E	W04-X	0.02
S03-F	T01-D	0.01
S03-F	T01-J	0.02
S03-F	T01-N	0.03
S03-F	T01-S	0.01
S03-F	W01-A	0.01
S03-F	W01-C	0.01
S03-F	S01-D	0.01
X25-P	T01-J	0.1
X25-P	T01-N	0.1
X25-P	X25-A	0.1
X25-P	A11-B	0.01
X25-P	A11-C	0.01
X25-P	A12-E	0.01
X25-P	A12-V	0.01
X25-P	T01-D	0.01
X25-P	T01-S	0.03
X25-P	Q31-A	0.02
X25-P	Q34-C	0.02
X25-P	Q34-X	0.02
X25-P	T01-E	0.02
X25-P	X25-F	0.02
X25-P	X25-N	0.01
U11-C	T01-C	0.01
U11-C	T01-D	0.01
U11-C	T01-E	0.02
U11-C	T01-J	0.02
U11-C	T01-N	0.01
U24-H	T01-C	0.01
U24-H	T01-N	0.02
U24-H	X16-G	0.01
A12-V	A11-B	0.01
A12-V	A11-C	0.01
A12-V	A12-E	0.01
A12-V	T01-D	0.01
A12-V	T01-J	0.07
A12-V	T01-N	0.01
A12-V	T01-S	0.01
A12-V	X25-A	0.04
A12-V	X25-P	0.01
A12-V	A12-P	0.02
A12-V	A12-V	0.02
A12-V	B11-C	0.04
A12-V	B12-M	0.04
A12-V	P33-A	0.02
A12-V	P33-B	0.02
A12-V	Q32-D	0.02
A12-V	S05-G	0.02
A12-V	S05-M	0.02
A12-D	A11-C	0.01
A12-D	A12-E	0.01
A12-D	T01-E	0.01
A12-D	T01-J	0.01
A12-D	T01-N	0.02
A12-D	T05-H	0.01
A12-D	T05-L	0.01
X27-E	T01-C	0.01
X27-E	T01-D	0.01
X27-E	T01-E	0.01
X27-E	T01-H	0.01
X27-E	T01-J	0.03
X27-E	T01-N	0.06
X27-E	W01-A	0.01
X27-E	T01-S	0.01
X27-E	W01-C	0.02
X27-E	X27-F	0.01
X27-E	X27-X	0.01
S01-D	S03-F	0.01
S01-D	T01-D	0.01
S01-D	T01-E	0.01
S01-D	T01-J	0.02
S01-D	T01-N	0.04
S01-D	T01-S	0.01
S01-D	W01-A	0.01
S01-D	X12-H	0.02
Q31-A	Q34-C	0.02
Q31-A	Q34-X	0.02
Q31-A	T01-E	0.02
Q31-A	T01-J	0.03
Q31-A	T01-N	0.05
Q31-A	T01-S	0.02
Q31-A	X25-F	0.02
Q31-A	X25-N	0.01
Q31-A	X25-P	0.02
Q34-C	Q31-A	0.02
Q34-C	Q34-X	0.02
Q34-C	T01-E	0.02
Q34-C	T01-J	0.03
Q34-C	T01-N	0.05
Q34-C	T01-S	0.02
Q34-C	X25-F	0.02
Q34-C	X25-N	0.01
Q34-C	X25-P	0.02
Q34-X	Q31-A	0.02
Q34-X	Q34-C	0.02
Q34-X	T01-E	0.02
Q34-X	T01-J	0.03
Q34-X	T01-N	0.05
Q34-X	T01-S	0.02
Q34-X	X25-F	0.02
Q34-X	X25-N	0.01
Q34-X	X25-P	0.02
X25-F	Q31-A	0.02
X25-F	Q34-C	0.02
X25-F	Q34-X	0.02
X25-F	T01-E	0.02
X25-F	T01-J	0.03
X25-F	T01-N	0.05
X25-F	T01-S	0.02
X25-F	X25-N	0.01
X25-F	X25-P	0.02
X25-N	Q31-A	0.01
X25-N	Q34-C	0.01
X25-N	Q34-X	0.01
X25-N	T01-E	0.01
X25-N	T01-J	0.02
X25-N	T01-N	0.02
X25-N	T01-S	0.01
X25-N	X25-F	0.01
X25-N	X25-P	0.01
U22-G	T01-D	0.01
U22-G	T01-J	0.02
U22-G	T01-N	0.01
U22-G	T04-K	0.01
P31-A	P31-A	0.02
P31-A	S05-B	0.02
P31-A	T01-J	0.06
P31-A	S05-D	0.02
P31-A	S05-G	0.01
P31-A	S03-E	0.01
X27-F	T01-J	0.02
X27-F	T01-N	0.02
X27-F	T01-S	0.01
X27-F	W01-C	0.02
X27-F	X27-E	0.01
X27-F	X27-X	0.01
X27-X	T01-J	0.02
X27-X	T01-N	0.02
X27-X	T01-S	0.01
X27-X	W01-C	0.02
X27-X	X27-E	0.01
X27-X	X27-F	0.01
W02-G	T01-H	0.01
W02-G	T01-J	0.06
W02-G	T06-A	0.05
W02-G	T01-D	0.01
W02-G	T01-E	0.02
W02-G	T01-N	0.03
W02-G	W01-A	0.05
W02-G	W01-E	0.01
W02-G	W02-C	0.04
M23-D	T01-D	0.01
M23-D	T01-F	0.01
M23-D	T01-J	0.01
M23-D	W01-A	0.01
M23-D	X24-D	0.01
X24-D	M23-D	0.01
X24-D	T01-D	0.01
X24-D	T01-F	0.01
X24-D	T01-J	0.01
X24-D	W01-A	0.01
S02-B	T01-D	0.02
S02-B	T01-J	0.06
S02-B	W01-A	0.04
S02-B	X16-G	0.01
S02-B	X16-H	0.01
S02-B	X21-A	0.02
S02-B	X21-B	0.01
S02-B	X21-C	0.01
S02-B	T01-E	0.01
S02-B	T01-N	0.04
S02-B	T07-G	0.01
S02-B	T01-M	0.01
S02-B	W01-C	0.02
X16-H	S02-B	0.01
X16-H	T01-D	0.01
X16-H	T01-J	0.02
X16-H	W01-A	0.01
X16-H	X16-G	0.01
X16-H	X21-A	0.02
X16-H	X21-B	0.01
X16-H	X21-C	0.01
X21-B	S02-B	0.01
X21-B	T01-D	0.01
X21-B	T01-J	0.04
X21-B	W01-A	0.01
X21-B	X16-G	0.01
X21-B	X16-H	0.01
X21-B	X21-A	0.03
X21-B	X21-C	0.01
X21-B	T01-F	0.01
X21-B	T01-S	0.01
X21-B	T06-A	0.02
X21-B	X16-B	0.01
X21-C	S02-B	0.01
X21-C	T01-D	0.01
X21-C	T01-J	0.02
X21-C	W01-A	0.01
X21-C	X16-G	0.01
X21-C	X16-H	0.01
X21-C	X21-A	0.02
X21-C	X21-B	0.01
T05-K	T01-D	0.01
T05-K	T01-E	0.03
T05-K	T01-J	0.02
T05-K	T01-N	0.02
X15-G	T01-J	0.04
X15-G	T01-N	0.04
X15-G	X15-B	0.02
X15-G	T01-H	0.01
X22-K	T01-D	0.02
X22-K	T01-J	0.04
X22-K	T01-N	0.04
X22-K	T05-G	0.04
X22-K	W01-A	0.02
X22-K	X22-K	0.02
X22-K	X22-P	0.03
X22-K	X22-W	0.02
X22-K	X22-X	0.06
X22-K	T01-S	0.01
X22-K	X22-E	0.01
X22-P	T01-D	0.01
X22-P	T01-J	0.03
X22-P	T01-N	0.02
X22-P	T05-G	0.02
X22-P	W01-A	0.01
X22-P	X22-K	0.03
X22-P	X22-W	0.01
X22-P	X22-X	0.03
X22-P	T01-S	0.01
X22-P	X22-E	0.01
X22-W	T01-D	0.01
X22-W	T01-J	0.01
X22-W	T01-N	0.02
X22-W	T05-G	0.02
X22-W	W01-A	0.01
X22-W	X22-K	0.02
X22-W	X22-P	0.01
X22-W	X22-X	0.03
X22-X	T01-D	0.03
X22-X	T01-J	0.03
X22-X	T01-N	0.06
X22-X	T05-G	0.06
X22-X	W01-A	0.03
X22-X	X22-K	0.06
X22-X	X22-P	0.03
X22-X	X22-W	0.03
X22-X	X22-X	0.06
F05-A	T01-D	0.01
F05-A	T01-J	0.03
F05-A	T01-N	0.01
F05-A	W01-A	0.01
T04-H	T01-J	0.02
T04-H	T01-N	0.02
T04-H	W01-C	0.02
T05-B	T01-J	0.02
T05-B	T01-N	0.04
T05-B	T05-H	0.01
T05-B	T05-L	0.01
T04-N	T01-C	0.03
T04-N	T01-E	0.01
T04-N	T01-M	0.02
T04-N	T01-N	0.01
T04-N	W01-A	0.02
T04-N	W01-C	0.02
T04-N	W03-A	0.01
T04-N	W04-M	0.01
W04-M	T01-C	0.03
W04-M	T01-E	0.01
W04-M	T01-M	0.02
W04-M	T01-N	0.01
W04-M	T04-N	0.01
W04-M	W01-A	0.02
W04-M	W01-C	0.02
W04-M	W03-A	0.01
W04-V	T01-C	0.03
W04-V	T01-D	0.03
W04-V	T01-E	0.06
W04-V	T01-J	0.15
W04-V	T01-L	0.03
W04-V	T01-N	0.21
W04-V	W01-A	0.06
W04-V	W01-C	0.12
W04-V	W04-V	0.06
W04-V	W04-W	0.03
X16-B	T01-C	0.03
X16-B	T01-D	0.03
X16-B	T01-J	0.08
X16-B	T01-L	0.03
X16-B	T01-S	0.04
X16-B	W04-X	0.06
X16-B	W05-B	0.06
X16-B	W05-D	0.03
X16-B	W06-C	0.06
X16-B	X16-B	0.06
X16-B	X16-L	0.03
X16-B	T01-F	0.01
X16-B	T06-A	0.02
X16-B	X21-A	0.01
X16-B	X21-B	0.01
X16-L	T01-C	0.01
X16-L	T01-D	0.01
X16-L	T01-J	0.02
X16-L	T01-L	0.01
X16-L	T01-S	0.01
X16-L	W04-X	0.02
X16-L	W05-B	0.02
X16-L	W05-D	0.01
X16-L	W06-C	0.02
X16-L	X16-B	0.03
S06-G	T01-E	0.01
S06-G	T01-J	0.05
S06-G	T04-D	0.01
S06-G	T04-K	0.01
B04-B	B04-E	0.02
B04-B	B11-C	0.05
B04-B	B12-K	0.01
B04-B	D05-H	0.03
B04-B	T01-D	0.01
B04-B	T01-E	0.01
B04-B	T01-G	0.01
B04-B	T01-J	0.04
B04-B	T01-N	0.01
B04-B	T01-S	0.01
T07-G	S02-B	0.01
T07-G	T01-D	0.01
T07-G	T01-E	0.01
T07-G	T01-J	0.02
T07-G	T01-N	0.02
T07-G	W01-A	0.02
W04-U	T01-D	0.01
W04-U	T01-J	0.03
W04-U	T01-N	0.03
W04-U	W01-A	0.02
A12-P	A12-V	0.02
A12-P	B11-C	0.02
A12-P	B12-M	0.02
A12-P	P33-A	0.01
A12-P	P33-B	0.01
A12-P	Q32-D	0.01
A12-P	S05-G	0.01
A12-P	S05-M	0.01
A12-P	T01-J	0.01
B12-M	A12-P	0.02
B12-M	A12-V	0.04
B12-M	B11-C	0.04
B12-M	B12-M	0.02
B12-M	P33-A	0.02
B12-M	P33-B	0.02
B12-M	Q32-D	0.02
B12-M	S05-G	0.02
B12-M	S05-M	0.02
B12-M	T01-J	0.02
P33-A	A12-P	0.01
P33-A	A12-V	0.02
P33-A	B11-C	0.02
P33-A	B12-M	0.02
P33-A	P33-B	0.01
P33-A	Q32-D	0.01
P33-A	S05-G	0.01
P33-A	S05-M	0.01
P33-A	T01-J	0.01
P33-B	A12-P	0.01
P33-B	A12-V	0.02
P33-B	B11-C	0.02
P33-B	B12-M	0.02
P33-B	P33-A	0.01
P33-B	Q32-D	0.01
P33-B	S05-G	0.01
P33-B	S05-M	0.01
P33-B	T01-J	0.01
Q32-D	A12-P	0.01
Q32-D	A12-V	0.02
Q32-D	B11-C	0.02
Q32-D	B12-M	0.02
Q32-D	P33-A	0.01
Q32-D	P33-B	0.01
Q32-D	S05-G	0.01
Q32-D	S05-M	0.01
Q32-D	T01-J	0.01
S05-M	A12-P	0.01
S05-M	A12-V	0.02
S05-M	B11-C	0.02
S05-M	B12-M	0.02
S05-M	P33-A	0.01
S05-M	P33-B	0.01
S05-M	Q32-D	0.01
S05-M	S05-G	0.01
S05-M	T01-J	0.01
W07-X	T01-D	0.01
W07-X	T01-J	0.02
W07-X	T01-N	0.04
W07-X	W01-A	0.01
X22-E	T01-J	0.02
X22-E	T01-S	0.01
X22-E	X22-K	0.01
X22-E	X22-P	0.01
